{
  "description": "0.1/万次请求，0.272/GB",
  "requestPrice": 0.00001,
  "sizePrice": 0.000000272
}